"","baseMean","log2FoldChange","lfcSE","stat","pvalue","padj"
"AADAC",281.149950935192,-6.78436821381722,1.18824979081567,-4.86797326498711,1.12748578477985e-06,0.000134372978253659
"ACACB",20934.4242554714,-5.18996150712534,0.955604407222773,-4.38461927912454,1.16188805222213e-05,0.000953051483207824
"ADH1A",1129.85774853476,-8.59998323771456,1.26915279139963,-5.98823348080358,2.12132397078691e-09,6.43133325248572e-07
"ADH1B",121455.243509556,-7.89878996368322,1.4401177967014,-4.79043449048749,1.66420551456248e-06,0.000190457850974532
"ADH1C",639.461889115021,-5.74549508354831,0.954157452318223,-4.97349265786129,6.57572654897746e-07,8.54399477390071e-05
"ADRA1A",134.885667454895,-5.99259793861809,0.963551750403451,-5.18145282443587,2.20164276397543e-07,3.56979334417621e-05
"ADRB2",745.534635806452,-4.34414011933998,0.799041967673618,-4.18518707981801,2.84931337318434e-05,0.00201799116401634
"ABCD2",1515.18307558519,-6.45113849071102,0.988061674819836,-5.51700225768294,3.44831006213157e-08,7.54306913717666e-06
"ANGPT1",1271.08965962945,-3.73879005255591,0.630743600679226,-4.34216066497798,1.41088294997681e-05,0.00111841597516281
"ANK2",3490.9282083904,-3.12994660454621,0.54821189847118,-3.88526153935381,0.00010221978407039,0.0057727453873216
"AOX1",2219.04674833068,-4.20812537499006,0.585046165759552,-5.48354226170345,4.168926254494e-08,8.67990537396515e-06
"APLP1",461.212816450921,4.01292489122335,0.593480686268521,5.07670251270848,3.84041443853743e-07,5.624254399353e-05
"APOB",786.311864964263,-6.93796679592045,1.03607113085277,-5.73123467983613,9.97022087140989e-09,2.53375568939462e-06
"AQP7",5638.39472753208,-8.18929863420577,1.06026844231708,-6.78064002215746,1.1964465355601e-11,9.57658717037892e-09
"ASPA",331.311076963058,-5.44378088703379,0.813481486054481,-5.46266997247455,4.69026084272402e-08,9.53557619095456e-06
"ATP1A2",5050.25301489267,-8.28626419843324,0.789972613977136,-9.22343897689108,2.87721100142163e-20,2.48605416577836e-16
"KIF1A",486.85875495772,5.55411782845015,1.18249071811636,3.8512926644402,0.000117495982163325,0.00640519895193821
"BMP3",206.472552960009,-5.63390271764195,1.0860348518194,-4.26680848213934,1.98289243801608e-05,0.00151621080625468
"BUB1",1267.38529933137,5.13328884073145,0.951452002141668,4.34419059650685,1.39790110342561e-05,0.00111323174969115
"BUB1B",818.379924736921,4.30918730175662,0.879048975447556,3.76450845650755,0.00016687702111744,0.0081463327738149
"C6",1609.18560299474,-6.06275967621808,1.35570966317813,-3.73439816335726,0.000188164608874796,0.00881212088337495
"CA3",925.817048303315,-4.7660179690655,1.01459115380126,-3.7118576827284,0.000205743665844688,0.00948121677189881
"CA4",703.68994950951,-9.39970053051407,0.686000379510754,-12.2444546408336,1.798821500796e-34,3.10854343552557e-30
"CASQ2",402.70859374858,-4.37033978770661,0.903841177791065,-3.72890710284247,0.000192312026520103,0.00895780089028007
"CAV1",34051.5414263478,-3.41415002102935,0.602540320448176,-4.00661987107134,6.15938721777871e-05,0.00385653516342152
"CD36",87850.5157676665,-6.28737852460382,0.867889884377819,-6.09222278053659,1.11353569612654e-09,3.77313928720838e-07
"CDK1",1562.02927498266,3.54174885306293,0.668697343965957,3.80104523518539,0.000144086991995798,0.00740644032964454
"CDC20",1514.11708425023,5.07437319344154,1.02291043302283,3.98311823001086,6.80168962032926e-05,0.00415335683141024
"CDH2",244.946231089258,3.18537966473186,0.59038016827212,3.7016481619426,0.000214203514958682,0.00974118668947627
"CDO1",3072.63197290145,-4.62466646949151,0.941554488233939,-3.849661931186,0.000118280965734947,0.00642771499643275
"CEBPA",6629.32748730235,-4.02784382088444,0.757081129909965,-3.99936506308713,6.35126471502924e-05,0.003933914177076
"CES1",5781.81326884817,-4.89901852705559,0.577418063135176,-6.75250529206742,1.45313760869854e-11,1.09181178330085e-08
"CHIT1",570.601275579274,-5.84461999675082,1.20990088198986,-4.00414618161375,6.22418699060642e-05,0.00388303882255125
"CIDEA",4806.82629384398,-8.80162642844654,1.2927826777371,-6.03475476798824,1.59204272645276e-09,5.09483154737594e-07
"CKMT2",315.620655840062,-4.4897749414361,0.696610561882886,-5.00964977045926,5.45291771745107e-07,7.41983236813165e-05
"CMA1",155.286680594356,-5.47091239646171,1.04869505518617,-4.26331026770029,2.0142053275835e-05,0.00153336926281809
"CNTFR",1909.83744468076,-6.65284748666576,1.09870472027609,-5.14501064967232,2.67505635002533e-07,4.0550569109463e-05
"COL10A1",4375.94741759555,7.03381190159957,0.814682844550709,7.40633234387937,1.29840206360298e-13,3.20538372301758e-10
"COL11A1",9281.82763020736,9.66860817137243,1.12086350223095,7.73386603642507,1.04328818230626e-14,3.60581261568691e-11
"COMP",4512.9720154486,4.72937324981493,0.889586358122555,4.19225544070354,2.76194754107044e-05,0.00196416524515384
"CPA1",89.1090541511921,-8.84048262151979,1.26741123717099,-6.18621832564832,6.16246451062909e-10,2.36652331573736e-07
"CPM",8707.12631331505,-4.0790484270391,0.812883863465256,-3.78780852397952,0.000151981901470578,0.0077005420401024
"CRHBP",297.38247177635,-6.39848124897591,0.914852563631783,-5.90093033957845,3.61457507809400e-09,1.02399134302528e-06
"HAPLN1",411.046589800237,6.07013306425333,1.33877998968264,3.78712940388002,0.000152397741896593,0.0077005420401024
"CSN1S1",28.5058179973372,-5.39637401415692,1.05457848580638,-4.1688447785802,3.06147386123864e-05,0.00213327942726068
"CST1",439.02464147324,10.038662927843,1.38589523764982,6.52189478850556,6.94247088246386e-11,3.87009159096316e-08
"CTSG",273.827889909128,-3.91296969456755,0.745887327554404,-3.9053749634258,9.40793936784197e-05,0.00540128239919193
"AKR1C1",6314.65575923953,-4.89503109992027,0.783147376553437,-4.97356080928467,6.57341412345569e-07,8.54399477390071e-05
"AKR1C2",7138.50577063993,-5.42710788122548,0.648696679867923,-6.82461929992744,8.81587865412325e-12,7.61735995109519e-09
"CFD",10647.416866439,-6.16551539472328,0.750207384992135,-6.88544994098856,5.76051690939783e-12,5.23934172164758e-09
"DPP6",84.1924650618496,-5.07286109856332,0.788150405227094,-5.16761911375252,2.37094863864159e-07,3.7589324242537e-05
"DPT",14240.1400023798,-4.69518470392801,0.806577957666698,-4.58131129025344,4.62069446132521e-06,0.000443612338812005
"EPYC",135.935250885001,7.12788601481735,1.25780330439032,4.87189530622808,1.10532739856862e-06,0.000134128478139602
"EBF1",3926.03822905075,-3.78646658334038,0.615973144686802,-4.52368192895356,6.077303359984e-06,0.000555671319385627
"S1PR1",3850.45374803057,-2.69636799214354,0.452155902041036,-3.75173249864952,0.000175616788094852,0.00847718914823225
"EPAS1",27288.2616505068,-2.6828797596654,0.451776566045917,-3.72502667500986,0.000195294569638035,0.00907227273633031
"EPB42",110.708339990474,-8.17236481875266,1.29676933752326,-5.53094880578481,3.18503278403725e-08,7.05648096678817e-06
"FABP4",101855.522947024,-7.31285643726622,1.20518529175031,-5.23807955546649,1.62256122305448e-07,2.69610389380813e-05
"FGF2",3226.29195655846,-4.23013149147245,0.487600774720093,-6.62454134394413,3.48328018162974e-11,2.1498058863837e-08
"FHL1",46822.3501202284,-5.8925498851021,0.70940610719181,-6.89668419189299,5.32303350148929e-12,5.23934172164758e-09
"FIGF",1224.12644016094,-5.6591970538727,1.02615064120447,-4.54046108513256,5.61313387810696e-06,0.000524327386743602
"FOXM1",2525.68884162458,5.13177568052532,0.94052187460377,4.39306707487903,1.11762626348517e-05,0.000924626156367691
"FMO2",8609.53849817211,-5.27178949401483,0.700654236258814,-6.09685815477875,1.08173424171516e-09,3.73868988621593e-07
"GFRA2",166.988573585547,-4.05520753569222,0.670849093496911,-4.55423964243054,5.25753947600118e-06,0.000496478358933204
"GHR",10543.9583382114,-4.28294385259624,0.81656135253775,-4.02044970949622,5.80871490024869e-05,0.00365019644331628
"GJB2",2326.08495167314,6.02620659666878,0.687267282880548,7.31332150077392,2.60618441182492e-13,5.00416364674961e-10
"GPC3",5356.14795883989,-3.7446725695052,0.722196996666483,-3.80044860636927,0.000144434372495238,0.00740644032964454
"GLDC",154.519835661862,4.32615386681539,0.876026384408941,3.79686494152749,0.000146537573443343,0.00749205859962841
"GNAL",512.314764611759,-3.05615154785632,0.493744876317076,-4.16440077959591,3.12171343614641e-05,0.00214899506231796
"GPD1",33990.4928300953,-8.21069143233907,1.21060262889016,-5.95628264821263,2.58039899073823e-09,7.6882543032668e-07
"GPLD1",245.321454235089,-4.44410613087699,0.638181741450817,-5.39674814739653,6.78595365664499e-08,1.26094693699443e-05
"GPX3",36022.7267424404,-4.73009852295486,0.857371551572202,-4.35062082024392,1.35752629295283e-05,0.00108608388280175
"GRIA1",189.330425421561,-5.09138702722163,1.05486643561135,-3.87858300264379,0.000105066678488884,0.00585695893860128
"GRIN2D",162.810985013019,3.08688339139888,0.483639872892032,4.31495314668722,1.596367573685e-05,0.00124827276202943
"GRM4",47.4358219195436,4.58515841459667,0.693018748805582,5.17324880571513,2.30058340213355e-07,3.68114646039536e-05
"GSN",85825.3059216387,-3.20479275533258,0.525631885635103,-4.19455671466468,2.73405739688355e-05,0.00195487500029724
"GYS2",310.01214712176,-9.38279902730894,1.94867242937903,-4.30179998491599,1.69416209516626e-05,0.00131286166666225
"HBA2",4687.2998309208,-6.55566089075929,0.775928286947977,-7.16001850198275,8.06661730326238e-13,1.16166011348064e-09
"HBB",7422.54459681471,-7.32218832039739,0.75115723726376,-8.41659775978093,3.87575596465007e-17,1.67442347062795e-13
"TLX1",318.593961697891,7.46511793648998,1.39458167785521,4.63588331838187,3.55416422864313e-06,0.000352985701351621
"HSD11B1",927.939277180657,-4.51391016606838,0.917641000867954,-3.82928635789458,0.00012851539608754,0.00677095902374625
"IGFBP6",2146.52413050321,-3.51384256541938,0.596415212878697,-4.21492026215412,2.49866454659429e-05,0.00183742221402962
"INHBA",985.39360388551,4.40324418362487,0.671537474402304,5.06783956718707,4.02356300107659e-07,5.83970962188772e-05
"ITGA7",7425.24741101504,-5.07164915112153,0.676463140592796,-6.0190258815188,1.75469815151195e-09,5.51326159205054e-07
"KCNB1",392.491205061332,-5.16800193997027,0.756792168854451,-5.50745913013256,3.64049892480237e-08,7.86393273993872e-06
"KCNG1",366.480093528173,4.75710766334206,0.975187855114649,3.85270144991741,0.000116821795072709,0.00640519895193821
"LEP",13342.7487133952,-9.18731748140263,1.11490744131015,-7.343495233812,2.08086810912148e-13,4.49493522421603e-10
"LEPR",3703.20516550399,-3.74194192503027,0.504175629596863,-5.43846581244461,5.37413190765977e-08,1.0434873426547e-05
"LHCGR",28.1338777116633,-7.18922164046181,1.45369003140485,-4.25759378323625,2.06638983964414e-05,0.00156619661486361
"LIFR",8407.54543581591,-2.81793159118019,0.444500425959121,-4.08983093156221,4.31687740638182e-05,0.00282575600226076
"LIPE",22171.3469282574,-6.9148172044278,0.891700718490896,-6.63318654092593,3.28516200306563e-11,2.10262535462878e-08
"MAOA",12054.2436044498,-5.28266433489656,0.810936115974622,-5.28113651683826,1.28384980317046e-07,2.21862084485887e-05
"MEOX2",1216.16728419915,-3.49075664452439,0.659225362621979,-3.77830827779099,0.000157897343741408,0.00784087355515883
"MFAP2",1799.43174183865,2.84753341067351,0.421575093014905,4.38245390034983,1.17350002212313e-05,0.000956568579354236
"MME",12493.0915325449,-3.5948005885049,0.599976111895706,-4.32483983454987,1.52642724792214e-05,0.0012044835283718
"MMP1",451.312627309509,6.85632779340119,1.23370064928395,4.74696012910447,2.06496637414287e-06,0.000230223767171374
"MMP11",9462.43123735481,6.4436252907971,0.755955228375477,7.20098900895926,5.97773666363968e-13,1.03301267284357e-09
"MMP13",405.365560087505,8.14333468739078,0.789336614489807,9.04979517769858,1.4323676214226e-19,8.25091495526801e-16
"MYBL2",2975.66540597878,5.85915418489728,0.927032283356511,5.24162348187456,1.59169904443229e-07,2.67050011522665e-05
"MYH1",166.707101834421,-7.16158722913276,0.95839883217231,-6.42904292273279,1.28409867392433e-10,5.99743491461793e-08
"MYOC",905.990877684197,-8.96404751159623,1.12527393776851,-7.07742998774985,1.46852340620496e-12,1.95211946020215e-09
"NEK2",862.888424696461,5.12193795926952,0.996223126697248,4.13756501812487,3.51011002020025e-05,0.00236946137730783
"NOVA1",1038.04266173789,-4.24601848472714,0.73189702590739,-4.43507538605283,9.20400751768186e-06,0.000783519477404238
"NPR1",4449.77702968057,-4.64969316698358,0.65868687892172,-5.54086210576743,3.00986164005842e-08,6.84387092129599e-06
"NTRK2",12113.321874927,-3.92239657800296,0.536526785177286,-5.44687918430261,5.12612560144692e-08,1.01581587723217e-05
"PCDH9",568.61622930695,-4.85808471142692,0.753893026125021,-5.11754927785619,3.09531206996348e-07,4.65131198965556e-05
"PCK1",5939.33412227226,-9.02033831818962,1.19530847089204,-6.70984813836728,1.94827065830142e-11,1.40283605192112e-08
"PDE2A",2744.84041536621,-4.13845222578208,0.595180262264286,-5.27311207169782,1.34129597956332e-07,2.29494414087463e-05
"PDE3B",6275.0012826578,-5.91199962716677,1.03961425831791,-4.72482902948481,2.30309038120754e-06,0.000248748155485297
"PDK4",15412.7140345233,-3.2928204434767,0.551620961057492,-4.15651435558435,3.23139876211463e-05,0.0021984961420513
"ENPP2",7896.81225152121,-3.62036708623063,0.517560232551056,-5.06292199714578,4.12878815989974e-07,5.84832690092027e-05
"PFKFB1",723.157904650991,-6.31519949570002,1.02595808110783,-5.18071799771843,2.21033440094239e-07,3.56979334417621e-05
"PLIN1",58744.3741693506,-7.99096483813158,1.1571451919644,-6.04156236112732,1.52628993299787e-09,4.97656911927097e-07
"PLK1",1125.3688947394,4.79163281656825,0.845628525579949,4.48380429689015,7.33239146773849e-06,0.000643203334791821
"FXYD1",811.69117623317,-4.54868086559193,0.845553099561943,-4.19687523755799,2.70622914236344e-05,0.00194859774204928
"PPARG",5247.58362984949,-5.12279708540384,0.732714703266931,-5.62674266944782,1.83644370886948e-08,4.40771996291298e-06
"PPP1R1A",7368.84387548697,-5.98107782916645,0.912342860669048,-5.4596556227926,4.7705901772275e-08,9.58611265728702e-06
"PRELP",8721.0027205814,-3.43120357754983,0.656166544908785,-3.7051623500369,0.000211255377091702,0.00970894914228641
"PRKAR2B",19180.0417264491,-4.34904865669892,0.737108434017134,-4.54349523372984,5.53290570076248e-06,0.000519642083776502
"MAPK10",1159.25254714366,-3.67632129091487,0.607552379444821,-4.40508733314563,1.05741268492918e-05,0.000891100916434644
"MASP1",227.441310587002,-4.1257420455075,0.702104754891642,-4.45195965948116,8.50901541432767e-06,0.000735221476874982
"PTH1R",457.004741015093,-3.81682022680805,0.761798085342012,-3.69759425890842,0.000217652411003463,0.00987205069435917
"PTPRN",107.099154181195,6.62954989547922,0.920207327849205,6.11769731136258,9.49371752763628e-10,3.41793609573088e-07
"PYGM",597.551206118831,-6.05479861545787,0.960251290237781,-5.26403730653273,1.40925833708422e-07,2.38758758070121e-05
"RBP4",11267.6160787519,-7.98829439888246,1.06485023530953,-6.56270165245453,5.28415077841337e-11,3.04384698672538e-08
"RDH5",2461.25333711952,-5.75159171354184,0.896116683337312,-5.30242523311361,1.14274273987165e-07,2.00006013815371e-05
"RGS4",1289.8451780186,4.37742106128812,0.711860160872407,4.74450074175942,2.09021213408855e-06,0.000231544589033232
"SAA1",7310.71303470797,-4.6385859211474,0.944224714236806,-3.85351692905897,0.000116433208904974,0.00640519895193821
"SAA2",3254.7811333726,-5.85794245153973,1.09464544582832,-4.43791409360289,9.08348560908607e-06,0.000777087697082259
"SCN3A",181.974736774683,-3.40299044367311,0.368825359339816,-6.51525276888328,7.25673537417064e-11,3.91886387503259e-08
"SCN4A",971.278875223052,-5.96249485817247,0.751653933016821,-6.6021005680834,4.0537235121897e-11,2.4155998625569e-08
"SCT",11.7115147710068,6.8758720083732,1.55551818528274,3.77743703928807,0.000158450543520214,0.00784579897585337
"CCL11",30.1256807248655,5.87857122868563,1.08416291693329,4.49985067049273,6.80012154208757e-06,0.000599555614126609
"CCL20",38.1669385614871,5.78630118239151,1.25813740016313,3.80427541679542,0.000142219875308612,0.00733642288121828
"SLC2A4",2379.3375643484,-7.31355152013022,0.973012431976937,-6.48866480287671,8.66003943869942e-11,4.27583261543328e-08
"SOD3",3561.38066100009,-4.42991781121332,0.506042719610879,-6.77792146451737,1.21917086828503e-11,9.57658717037892e-09
"SOX11",779.007962233468,5.49616897167916,1.12508060524931,3.99630830955692,6.43379326346255e-05,0.00397079933521058
"SYCP1",15.4991020434378,-6.90411699343291,1.5716997359493,-3.75651713771324,0.000172294477737355,0.00836354176904281
"TACC1",14514.2874686537,-2.8250283440898,0.470518147677212,-3.87876291934613,0.000104989013391826,0.00585695893860128
"TACR1",738.211094872579,-4.06399596125721,0.821203260221009,-3.731105451813,0.000190641398321094,0.00890398379564008
"TDO2",82.9923174078766,4.96014553257441,0.975732772832969,4.05863740855646,4.93598859949037e-05,0.00318279175327586
"TFR2",115.28547188996,4.76783901726041,0.793205260365085,4.75014375916545,2.03272090321986e-06,0.000228100324211314
"TGFBR2",20446.1463939233,-2.85715956572687,0.437140200988659,-4.248430049505,2.1527384256284e-05,0.0016166204478873
"TGFBR3",9738.91777337112,-4.00623073427675,0.634539923811537,-4.73765419868148,2.1620633280124e-06,0.000235674293528916
"THRSP",5949.74539819535,-5.4420153105122,0.9619991637393,-4.61748354670709,3.88421467256138e-06,0.000383560650037333
"TIMP4",6425.16880284052,-7.7260740882565,1.07469615083542,-6.25858209599796,3.88493371214074e-10,1.59846522570248e-07
"CLEC3B",4653.37686450063,-5.16683528495628,0.782996363352786,-5.32165343286387,1.02828329695377e-07,1.85101704736022e-05
"TNNI3",51.9516908440539,7.89221445031679,1.43795335192543,4.79307234903556,1.64246358603502e-06,0.000189222754868474
"TNNT1",705.759059135233,7.73090649294866,1.17301016400943,5.7381484828247,9.57171825178496e-09,2.50619489559236e-06
"TNS1",58547.3762257253,-3.74929467762203,0.681787431964978,-4.03248072452479,5.51911431360307e-05,0.00350646376666819
"TNXB",18001.1121141055,-5.37369296346517,0.782273316178827,-5.59100364669137,2.25760839052238e-08,5.27212575629963e-06
"TOP2A",5313.52181381856,4.40362223453896,0.879389203739658,3.8704389592968,0.000108639557655439,0.00599808369279117
"TPO",119.590423260023,-4.38425991498542,0.878659427756831,-3.85161737082279,0.000117340266379581,0.00640519895193821
"TSHR",90.2317795434518,-5.05677135087308,1.006847174383,-4.02918283339185,5.59710752741656e-05,0.00354298956708006
"TTK",1214.56366629849,5.41052335835842,1.01277763101329,4.35487832995056,1.33140847795906e-05,0.00107514345362666
"ZBTB16",797.466622797598,-5.79744194426207,1.06489332960265,-4.50509155320954,6.63443326959572e-06,0.000587946878625044
"SLC14A2",88.6739283430557,-4.91214031393191,0.785119601750139,-4.98285905129768,6.2651588446655e-07,8.26474885455454e-05
"FZD4",19675.1644977309,-4.24922736000445,0.692327976401172,-4.69319090193991,2.68976272432896e-06,0.000278783789576465
"SRPX",4086.36802378026,-3.06365512363872,0.521998088209654,-3.95337678480134,7.70559523277126e-05,0.00458053540431392
"SDPR",4264.41453264075,-4.58746440317858,0.553648368027281,-6.47968026341552,9.19171914822533e-11,4.41228051668005e-08
"RAD54L",320.168622498639,4.36018180774917,0.85774263578657,3.91747089109988,8.94828470948571e-05,0.00520657602911187
"PDE8B",696.816155096766,-4.32349289798509,0.64592459905487,-5.14532640937981,2.67056051673866e-07,4.0550569109463e-05
"HSD17B6",155.515902218699,3.65761332167139,0.432595685038629,6.14341153549435,8.07676633994535e-10,2.9696723217148e-07
"AOC3",32124.0891195427,-5.25064802771696,0.772661371473006,-5.50130779750708,3.76984423742315e-08,8.04279978603821e-06
"AKR1C3",4282.9920876188,-3.1397004466328,0.474477378588257,-4.50959422554387,6.49517411288589e-06,0.00057857270023083
"SLC4A4",962.814312160039,-5.66047885638602,0.770630272721656,-6.0476197488667,1.47001400124641e-09,4.88525229914217e-07
"MYOM1",1122.55085079275,-5.10542203863476,0.695592602555486,-5.90204959562847,3.59013196374126e-09,1.02399134302528e-06
"WISP1",528.510705495486,3.64148679375074,0.68954333100589,3.83077708821778,0.000127739192282639,0.00675064520439232
"GYG2",16229.7439068974,-5.46889443504288,0.893277207455163,-5.00280808437306,5.65011829999298e-07,7.62810112048271e-05
"PKMYT1",729.955896047097,5.72966304730727,1.03190299608291,4.58343765379207,4.57393304928616e-06,0.00044157618449561
"CCNB2",912.058721943732,4.57843737938931,0.855821174187348,4.18129100718646,2.89858602161174e-05,0.00204450877712133
"SYNGR3",98.1091890166674,4.36989942106575,0.725847769171766,4.64270824295706,3.43871767822642e-06,0.000343494105187462
"EXO1",696.540255002303,5.05652467319447,1.07857658735418,3.76099826452326,0.000169236604305107,0.00823824720844098
"SLC16A7",1205.67226949194,-4.95046484403046,0.977212032112355,-4.04258719112482,5.28646447627792e-05,0.0033710476979542
"AURKB",551.316550654997,5.3558312585814,1.02444169796919,4.25190742158995,2.11957484084852e-05,0.00159949226308748
"DLGAP2",34.8904417074478,-4.43290287977489,0.874947656475537,-3.92355228837724,8.72528171960272e-05,0.0051112404541171
"PTTG1",875.621673993093,4.48780270302097,0.871600866201866,4.00160536579042,6.29141675979105e-05,0.00391086233906292
"GPR37L1",57.4341906221157,5.40068536733826,1.0302408609566,4.27151119132677,1.94152781929777e-05,0.00149117965534599
"TRIP13",1341.66058942058,4.23458240450605,0.794172458632584,4.07289672330793,4.64320167499253e-05,0.00301651008065962
"GLP2R",27.2796121823226,-7.71526878943439,1.4824942884345,-4.52970972085542,5.90647796964813e-06,0.000542924711667497
"ADIPOQ",136397.929705801,-7.66862385723091,1.47046139558057,-4.53505537600188,5.75883739063498e-06,0.000535045531976146
"FHL5",342.806687742475,-3.6741473234929,0.51930308626099,-5.14949245294671,2.6119228298772e-07,4.0300570020632e-05
"ONECUT2",203.686456198779,4.85136609915774,1.00494626027663,3.83241000180208,0.000126894027115415,0.00672655117356284
"KIF23",1371.73213645486,4.21411103842184,0.806664538265289,3.98444568461346,6.76378249346439e-05,0.0041448555060127
"DLGAP5",1043.59502883726,5.43354837614658,1.13608669191201,3.90247364722229,9.52146073924096e-05,0.00543037501765092
"MELK",1346.27162641355,5.51874899974448,0.984235249674303,4.59112697014234,4.40859023912851e-06,0.000428004763608875
"GINS1",776.775942223488,3.43882064002746,0.644792668271494,3.78233308167917,0.000155365274469386,0.00778222408146512
"KIF14",507.337154833664,4.95955297246309,1.01428444747303,3.90378949645521,9.46981543030236e-05,0.00541880398844553
"NAALAD2",439.984872743271,-4.5601390913377,0.705671487491134,-5.04503746352999,4.53432515359853e-07,6.37054251864522e-05
"TROAP",465.135483397121,5.00496555642507,0.970173735596412,4.12809109284228,3.65787214238275e-05,0.00245006544544637
"KIF20A",1026.1792801109,4.76171433669601,0.913575801389707,4.11757221565391,3.82884570000449e-05,0.0025448570208376
"FAM13A",7126.78542640036,-4.0801669280789,0.697535546189311,-4.41578489426967,1.00644129363986e-05,0.000852564313499527
"ODZ1",179.249553982443,-4.1279274861324,0.690480908223433,-4.53007092430748,5.89638890384328e-06,0.000542924711667497
"ANGPTL7",108.865801747421,-4.85451798801874,1.03071898585843,-3.73964003855864,0.000184283960732054,0.00872496198742635
"GLYAT",941.518621325034,-8.6135862714678,1.33091634606037,-5.72055959339944,1.06173779547032e-08,2.63336617002769e-06
"NMUR1",285.209489760405,-5.04628916648051,0.796102896698249,-5.08262083112881,3.72262348140391e-07,5.49834669932829e-05
"TRDN",121.564169413205,-6.28522502891535,1.12263654583392,-4.70786831991949,2.50320711723083e-06,0.000265386025723104
"ABCA10",599.033729609813,-4.72743567615929,0.621770548111871,-5.99487332984553,2.03644115089635e-09,6.28423920154284e-07
"ABCA9",2827.57505228602,-4.94633268990117,0.798831421188546,-4.94013202939564,7.80696904717703e-07,9.84760818279316e-05
"ABCA8",5454.48669209982,-5.23732281697059,0.852811546400687,-4.96865085241203,6.74203395844387e-07,8.69470812207975e-05
"NDC80",575.402889054287,4.39698633818944,0.898788025225909,3.77951891085288,0.000157131659816383,0.00782705937082899
"SORBS1",29972.6404104702,-4.72754996152879,0.681839912415329,-5.46689903840394,4.57976728661042e-08,9.42178077141841e-06
"POSTN",49795.8448316785,3.08582421021959,0.508680281765623,4.10046208785549,4.12325984676223e-05,0.00270927959741057
"CHL1",2994.13452232077,-4.59250811519911,0.78791725856136,-4.55949920650118,5.12757506413639e-06,0.000486866069688687
"ALDH1L1",3170.19778416206,-6.67579532642951,1.00240223498901,-5.6621934073119,1.49450240598227e-08,3.63753465884219e-06
"PROKR1",17.477229916386,-6.4730221975278,1.34598909592916,-4.06617127440373,4.77918178570209e-05,0.00309322248834149
"LYVE1",4890.22977400022,-6.33733509316189,0.796208905035575,-6.70343556748265,2.03575482409071e-11,1.40719516460446e-08
"UTS2",18.4941070352502,6.95188724677724,1.35755007776386,4.38428559230841,1.16367029082143e-05,0.000953051483207824
"LILRB5",832.311764901917,-4.62844992226985,0.91044723450443,-3.98534894144071,6.73810325123954e-05,0.00414381360443667
"UBE2C",2664.10452900735,6.49501894107316,1.09218806727514,5.03120213973997,4.87413908450767e-07,6.79274173543363e-05
"ADAMTS5",3809.19365464278,-3.10407906149933,0.396850983178376,-5.30193737873037,1.14580147952791e-07,2.00006013815371e-05
"FAM107A",2431.42768510289,-4.36318180079871,0.546092780833543,-6.15862710300844,7.33782789483772e-10,2.75663051849328e-07
"MMRN1",1697.20461527082,-4.29225750763819,0.756325884429979,-4.3529615677764,1.3431070267074e-05,0.00107954569900142
"TPX2",3934.23278403185,4.90131001422403,0.8055914715042,4.84278961759552,1.28028825879745e-06,0.000151538776714237
"MAST1",112.96401173616,5.4503413507604,0.939473208575939,4.73706041868535,2.16840533945359e-06,0.000235674293528916
"SIK2",8542.07175752407,-3.49350128905073,0.63782207271226,-3.90939949514043,9.25258405704968e-05,0.00534762224380854
"NCAPH",794.231895959002,4.4872919453644,0.842340178401857,4.14000428185762,3.47299338836879e-05,0.00235359995076082
"ABCA5",1530.97386500956,-1.88520955597333,0.211755888883387,-4.18033028805547,2.91085989305834e-05,0.00204481991105452
"MAPK8IP2",1638.01868621219,4.45281150895076,0.639062214844195,5.40293484538523,6.55592780383576e-08,1.23144552584876e-05
"BHMT2",1123.19938010038,-3.94558984382598,0.745063576362686,-3.95347449167494,7.70244787401381e-05,0.00458053540431392
"KIF4A",1003.2197079822,5.09100470216742,1.04958133212598,3.89774910904797,9.70909277034387e-05,0.00551917211066817
"PAMR1",1639.92918829283,-3.50533645889521,0.554773195562358,-4.51596522495219,6.30290079660804e-06,0.000565802463725053
"CCDC69",6527.49295539499,-4.15801116970562,0.699168866573952,-4.51680748483614,6.27789318447721e-06,0.000565802463725053
"PCOLCE2",5675.24529667539,-5.16792797508802,0.9925242695291,-4.19932096679659,2.67716608813547e-05,0.00193573670163469
"PCSK1N",210.929786907261,5.27084403522231,1.14137383922826,3.74184503660084,0.00018267415128951,0.00869639671744912
"CDH20",63.8284445148718,-7.47228771475667,1.28759744622737,-5.02663913610602,4.99150365507284e-07,6.84588687804077e-05
"UBE2T",989.38862221512,4.29639590987747,0.865877836619563,3.80699882878027,0.000140663411220686,0.00727785751288825
"TRHDE",313.602676329245,-6.44656349097799,1.14368132175126,-4.76230868458879,1.91390616832885e-06,0.000217593503255861
"DMGDH",436.404170002009,-4.29396363816784,0.790422634493106,-4.16734477787347,3.0816821769064e-05,0.00213873693570761
"KCNIP2",9244.49758724763,-7.24059674405949,1.0540774042807,-5.92043498771144,3.21091207608982e-09,9.4047070486285e-07
"CD209",1154.27644529158,-4.16794789559371,0.801179624905619,-3.95410441942642,7.68218564165114e-05,0.00458053540431392
"G0S2",8479.85930157702,-6.47284681508998,0.881497095319912,-6.20858179130332,5.346489405448e-10,2.0998337139897e-07
"PDE11A",596.545305380466,-4.1197258260383,0.722750836793623,-4.3164610363905,1.58550652299988e-05,0.00124541537381641
"MLXIPL",1748.25722069841,-6.18685668951215,0.798925822792101,-6.49228819690047,8.45423307753974e-11,4.27583261543328e-08
"NUSAP1",1365.7349455914,3.9300737688572,0.773998682531107,3.78563146809935,0.000153318751131545,0.00772449369767996
"KLRF1",38.641566550608,-3.37534422399405,0.635024070663328,-3.74055777368067,0.000183612333629727,0.00871704598202011
"ANGPT4",45.7069437086586,-5.36606243291089,0.991363465281104,-4.4040985832304,1.06224633288315e-05,0.000891100916434644
"CES4",106.554601283627,-4.30596665536515,0.889477572337583,-3.71675099876541,0.000201801152105377,0.00934939868507512
"SNTG2",46.0011481165136,-4.76684353657682,0.999118400388135,-3.77016731461805,0.000163138140442862,0.00800906308236674
"ANLN",2318.91697967984,4.78031937720421,0.811117233105291,4.66063254843149,3.15239072095088e-06,0.000320449788522071
"ACSM5",940.007829577448,-6.26846586336543,0.826688853586892,-6.37297314522419,1.85398359123219e-10,8.43123432633776e-08
"CDCA8",972.715152891951,4.15089354312789,0.821596585895923,3.83508597433124,0.000125520380355574,0.00667420828592206
"CEP55",1015.91166485952,4.72019812508103,0.936022119455807,3.97447672202866,7.05341599495503e-05,0.00426189097233629
"TMEM100",742.03677849314,-3.81582569354856,0.720847058651198,-3.90627340398301,9.37304558811456e-05,0.00539918669360692
"NIPSNAP3B",637.793761698745,-4.05217091895848,0.812961376830757,-3.75438613191815,0.000173766816288027,0.00841138474026162
"HJURP",545.340787428203,4.73444248644176,0.913413823574136,4.08844533557539,4.34273851893801e-05,0.00283195714512331
"MCM10",897.726490733842,4.78344973805056,0.983573473917653,3.84663661473176,0.00011975037208788,0.00648716670862275
"STAB2",63.0361713810547,-4.19510727258634,0.768274408239882,-4.15880997507953,3.19909889592417e-05,0.00218512363717255
"ST6GALNAC1",132.224438195096,-4.09381081397096,0.538870949244013,-5.74128335979384,9.39617103203931e-09,2.49808048622571e-06
"BEX1",571.373082607246,4.71882839871815,0.99279588098259,3.74581368633152,0.000179810008103185,0.0086074702216929
"LMO3",1186.61215922976,-4.68682581495326,0.868181869143411,-4.24660540145909,2.17033704015887e-05,0.0016166204478873
"LOC55908",101.853483560511,-6.26863146965089,1.08161512675063,-4.87107783475518,1.10991102216093e-06,0.000134128478139602
"SLC7A10",1540.28836749443,-7.78813381702996,1.44648097850312,-4.69286075510968,2.69410872398991e-06,0.000278783789576465
"CYP26B1",1099.75100903298,-3.47181080642181,0.635227975604533,-3.89121843078375,9.97420895901676e-05,0.00565128868920553
"SEMA3G",7849.34909328262,-4.76158320146896,0.754265920610156,-4.98707829518012,6.12992281907841e-07,8.14855355665338e-05
"ZNF695",202.050972013713,5.29162814675288,0.909488487495268,4.71872729095453,2.37324709292647e-06,0.000254733434862499
"KIAA1199",890.68376793482,5.86991323964673,0.783473209009616,6.21580059617196,5.10636169889499e-10,2.05216363996754e-07
"HHATL",31.7821878495331,-7.93771180423525,1.68704737588739,-4.11233964344718,3.91669511124015e-05,0.00259327234549199
"GPAM",33944.3562521231,-5.66884537410544,0.86847121813401,-5.37593564025862,7.61860044099687e-08,1.38586351811439e-05
"PAPPA2",218.154168545495,-5.841129591968,0.979397244076584,-4.94296836268149,7.69419738340834e-07,9.77672242519702e-05
"CIDEC",15580.9293209575,-8.86300747275159,1.14081699925936,-6.89243540187111,5.4845200116481e-12,5.23934172164758e-09
"ANO3",369.064260395201,-6.57970786366352,1.00771687766582,-5.53697966892034,3.07732257868804e-08,6.90639110159844e-06
"TNMD",402.84543168172,-5.70622999357025,0.966513002211272,-4.86928782417094,1.12001170849098e-06,0.000134372978253659
"HIF3A",592.355616639542,-5.08519452654664,0.846776806753904,-4.82440531432022,1.40421605471123e-06,0.000163961200280168
"EBF2",304.128913202178,-3.47615171189459,0.662900621596383,-3.73532869215234,0.000187470162459821,0.00880345618877217
"MOSC1",5757.53204345899,-4.00900023176713,0.764473232307831,-3.93604393797204,8.28358133041994e-05,0.00487248327602268
"KREMEN2",144.05743383769,6.25534010676484,1.04489474192557,5.02954019758976,4.91657423062133e-07,6.79706554234937e-05
"LRRC2",155.43297310009,-3.92084578145867,0.771884779711534,-3.78404375656978,0.000154300677592867,0.00775136630663468
"C14orf139",2097.48116298533,-4.71133212712474,0.684415632939151,-5.42262909920221,5.87287700259628e-08,1.12348951788315e-05
"E2F8",169.946625617653,4.60463256971094,0.938227375399671,3.84196055692302,0.0001220554536885,0.00655043569935082
"SHCBP1",457.185524853632,3.68432148509752,0.679035668065857,3.95313767941447,7.71330248628755e-05,0.00458053540431392
"C7orf58",4035.2311647403,-4.3146914134261,0.745744531365051,-4.44480820711981,8.79703108661597e-06,0.000756325841829904
"FRMD1",205.549084312898,-7.16844505162959,1.10099144275739,-5.60262760642439,2.11126497963209e-08,4.99791371411263e-06
"SVEP1",13960.6182665773,-4.16642646495621,0.81760888183143,-3.87278873226458,0.000107597091746034,0.00595956840533081
"SLC19A3",9691.6697862441,-7.01663093323846,1.1049289873785,-5.44526481064926,5.17283705783408e-08,1.01581587723217e-05
"ITIH5",13892.67492691,-4.92917827508268,0.6200726848262,-6.33664144741998,2.34827600380925e-10,9.89769698093356e-08
"C12orf39",542.212457025271,-11.0451784248928,1.64357573844704,-6.11178310187529,9.85240324205472e-10,3.47468123318261e-07
"FAM83D",820.935255884436,5.02834152568265,0.825985301308839,4.87701357312222,1.07704026969891e-06,0.000132002360997638
"CABLES2",1033.36702127502,2.46327638922571,0.387848058158469,3.77280834194054,0.000161420286972762,0.00794730478397806
"KIF18A",357.764069314148,3.80265030903919,0.754518533584832,3.71448835818966,0.000203615242873594,0.00940822195748283
"CDCA3",687.291253864388,4.92713646186938,0.934692460229121,4.20152791315629,2.65119550253882e-05,0.00192501300333501
"NUF2",1156.22081496461,5.8146654760135,1.02429849282649,4.70045158684918,2.59586795046105e-06,0.000273531671048276
"SLC25A18",173.164328485935,-3.38207291578529,0.635907474097313,-3.74594262973039,0.000179717662703865,0.0086074702216929
"FGFBP2",523.88371882475,-5.37653625889384,0.929447078374595,-4.70875250535777,2.49237475715527e-06,0.000265386025723104
"ZNF469",1058.496829767,2.27858054745313,0.306359391135757,4.17346614612688,3.00000255956509e-05,0.00209890867335402
"ATOH8",705.954015961973,-4.67536949801901,0.488328685049698,-7.52642556241595,5.21481865002882e-14,1.50195468485247e-10
"LGALS12",3922.71996114919,-8.15193367434535,1.28803995072815,-5.55257130829073,2.81497824828351e-08,6.4860852144783e-06
"LOC90586",36.3301517837917,-4.65905746235151,0.977620533386776,-3.74281977248924,0.000181966745062974,0.00868665005920789
"CHRDL1",15113.8879146661,-5.239662222166,0.833208030486981,-5.0883597697541,3.61173700936838e-07,5.38055407404267e-05
"TMEM132C",3057.50762254388,-6.90548583522039,1.07645470572358,-5.48605139056996,4.11017370567881e-08,8.66194046437018e-06
"PKHD1L1",107.443851788913,-4.5049962378751,0.715942245912395,-4.89564103513454,9.79857872628034e-07,0.000120949456406322
"MYOCD",100.871950429961,-4.52839406018482,0.650837170044568,-5.42131614877374,5.91618228848834e-08,1.12348951788315e-05
"FAM54A",287.528234476117,4.7211436978796,0.967573397819541,3.84585159768274,0.000120134460533919,0.00648763628902082
"RPLP0P2",155.500127358575,3.71470696813848,0.570616415692496,4.75749889677453,1.96006327786688e-06,0.000221384663430181
"GPR146",1656.11078940925,-4.35746832587257,0.651322749565529,-5.15484577824465,2.53839754037866e-07,3.95189620678231e-05
"SLC22A12",31.8006418973712,-8.51839475767383,1.66504797802067,-4.51542229228214,6.31907155251058e-06,0.000565802463725053
"RBP7",2055.21324027919,-3.53279596910742,0.653332160780479,-3.87673548181328,0.000105867345585461,0.00588261607415547
"MRGPRX2",14.54621967005,-6.2072306548962,1.34142734783526,-3.88185812917815,0.000103661350255973,0.00583508727613505
"HRASLS5",3023.96626073891,-5.41335505829277,0.883143417878321,-4.9973254275002,5.81309225304624e-07,7.78729048254977e-05
"TMC2",51.3569197472661,-4.96823173049963,0.804008209044537,-4.93556121176347,7.99206088647887e-07,0.000100080292883508
"CCDC78",92.6208975390637,3.82546212046117,0.711576100134964,3.9707096962999,7.16588528512764e-05,0.00431476179833766
"PAQR4",2549.84740572086,3.34006757145707,0.588482834109069,3.97644151337023,6.99541936251208e-05,0.00424167866679198
"HSPB6",17235.1777135703,-5.43622284075075,0.823097166948114,-5.38967089049694,7.05868301397471e-08,1.29767128898401e-05
"IQGAP3",1549.52771468026,4.86831275261505,1.00650996010127,3.84329306808435,0.000121394360330819,0.00653525215226443
"ACVR1C",6948.77791672572,-7.2071980811636,1.08277323212598,-5.73268519852125,9.88530032161135e-09,2.53375568939462e-06
"LRRC15",3868.02454216602,3.76801941401423,0.634277648857702,4.36405006387862,1.27676337887332e-05,0.00103585671128215
"COL6A6",920.065194866456,-4.88268451607125,0.804551030753546,-4.82590210894978,1.39370956616681e-06,0.000163841462672984
"WBSCR28",13.1415538670173,7.04203817829893,1.58388142702267,3.81470359789278,0.00013634648601398,0.00714001098426542
"ADHFE1",953.145354698801,-4.06825785483951,0.69845147505656,-4.392943481995,1.11826206053381e-05,0.000924626156367691
"PNCK",99.3758555090555,4.57550573366334,0.762997981692628,4.68612738100757,2.78423014856087e-06,0.000286363974378262
"TMEM37",3383.8459734587,-4.4033807342579,0.759310235399948,-4.4822005230382,7.38772756547645e-06,0.000644784444742417
"ADAMTS14",154.320791653432,4.21902460607953,0.481147967232494,6.69030075008938,2.2271240727778e-11,1.48026658083359e-08
"E2F7",131.680970495004,3.93596466662575,0.63935770125043,4.59205333866115,4.38906150950422e-06,0.000428004763608875
"A2ML1",586.618175760574,6.62449612676145,1.43771117110921,3.91211826115399,9.14900873274385e-05,0.00530550402384384
"GCOM1",2883.39715773003,-4.49396194651137,0.599068190335826,-5.832327609571,5.46594653941778e-09,1.47589097105748e-06
"LOC145820",76.569724947926,-3.91289629633403,0.720353009180023,-4.04370670936708,5.26127277225019e-05,0.00336740943619465
"CD300LG",3567.45785280873,-7.2000547070556,1.05556517166667,-5.87368252901532,4.26219252510391e-09,1.18798304881162e-06
"KIF18B",348.598178780117,4.89622537493075,1.0339130004449,3.76842671796773,0.000164279697936011,0.00804225909357565
"EME1",173.069835938765,3.51026971183515,0.671993424016436,3.73555695951833,0.000187300176643238,0.00880345618877217
"NOTUM",14.5063334060697,5.14805665695579,0.995778491599391,4.16564194943928,3.10477664858222e-05,0.00214614581056597
"CILP2",611.48707060857,4.23159578872484,0.703431999676524,4.59404148547536,4.34742892233429e-06,0.000426863177311699
"GPBAR1",183.307036880499,-4.53083391804034,0.78161290700548,-4.51736900247424,6.26127389118594e-06,0.000565802463725053
"SGOL1",178.67133804951,4.71662409752993,0.87504037941851,4.24737438973929,2.16290356554824e-05,0.0016166204478873
"SHISA3",75.1661030885326,-3.94857772755018,0.776896659906588,-3.79532810438999,0.000147448327251202,0.0075163850832685
"KLB",2421.84907538493,-6.89300254656726,1.00748648515213,-5.8492125040044,4.93905759505232e-09,1.35479133809681e-06
"BTNL9",4908.12673260865,-6.23419716109992,0.729829906492269,-7.17180416222826,7.40157730106642e-13,1.16166011348064e-09
"PEBP4",27.3445319589245,-4.13519445388082,0.744685917663035,-4.21008962237349,2.55269405600533e-05,0.00186131248868473
"CDCA2",696.626225758848,5.41392886553717,0.931112499508578,4.74048932633463,2.13202684417166e-06,0.000234672330535863
"C14orf49",706.492536639706,-4.18616787667668,0.751556454750791,-4.23942586952192,2.24092178059006e-05,0.00165945067169591
"ZNF676",76.2961429563809,-3.56483597569484,0.552178769029476,-4.64493768965957,3.40179111981196e-06,0.000341781118264363
"XIRP1",48.0048506269497,3.95100315244526,0.635213275959551,4.64568872240191,3.38943753526022e-06,0.000341781118264363
"COL22A1",870.714078846153,7.05722826944558,1.22911336617041,4.92812822328854,8.30211282434335e-07,0.000103214972458617
"C10orf128",138.466634458515,-3.30353679195712,0.593901379646324,-3.87865203028979,0.000105036874742576,0.00585695893860128
"LCTL",96.6476002502927,6.41325495618261,1.43228107603352,3.77946413365578,0.000157166228903285,0.00782705937082899
"ALG1L",90.0328762712346,4.19259910841108,0.643064371868248,4.96466488904658,6.8819795611035e-07,8.80944361447627e-05
"AQPEP",1292.40875668257,-8.24474236096355,1.0393089688831,-6.97073014654069,3.15300255857447e-12,3.63246914764836e-09
"PLAC9",1049.03146449894,-4.07821627081898,0.782092542875656,-3.9358721661004,8.28950919015489e-05,0.00487248327602268
"SKA1",337.033093293386,4.59642387202192,0.911841388181459,3.94413317780463,8.00891430343557e-05,0.0047397961670435
"HEPACAM",637.771841371337,-9.16453643756564,1.16054020382019,-7.03511727615307,1.99093475096747e-12,2.45752453081921e-09
"LRRN4CL",1212.75431941961,-4.27280173891734,0.764425421942216,-4.28138788294346,1.85731293690542e-05,0.00143286718136886
"SKA3",650.741679826701,5.12379202314366,0.983197653998518,4.19426552369487,2.73757161085546e-05,0.00195487500029724
"C7orf41",12247.8467911678,-3.9177317909903,0.663955342740291,-4.39446993369791,1.11043370500763e-05,0.000924626156367691
"EBF3",1234.81715847265,-3.88064940352716,0.691878171727362,-4.1635211533488,3.13376978012919e-05,0.00214899506231796
"ANGPTL5",74.9640133689252,-6.33324685186801,1.13838253895101,-4.68493381564203,2.80050411839166e-06,0.000286363974378262
"CNIH2",175.468420589211,5.02747934735234,0.901183360301118,4.46910087865649,7.85490809752447e-06,0.000682113903685027
"MAMDC2",1594.10485145119,-3.60022558159691,0.603470885481304,-4.3087838107104,1.64154729456257e-05,0.00127781886474486
"ASPM",1365.88167007655,4.86922780943971,1.0203442167781,3.79208089369821,0.000149390231913814,0.00759297822853714
"LOC283392",1201.11081204521,-8.99908329896077,1.39849783464068,-5.71976809747154,1.06669539900433e-08,2.63336617002769e-06
"TMEM145",57.285103932839,5.08676199453465,0.806899630421634,5.06477118151506,4.08891189311043e-07,5.83970962188772e-05
"SEC14L4",39.6429999130534,5.68216100170243,1.21995345501246,3.83798331195726,0.000124048910289285,0.00663680872665369
"CCDC141",69.6273217013209,-3.98191749375744,0.652944865994673,-4.56687486042929,4.95049344493254e-06,0.000472649045424747
"IGSF10",1983.53310364598,-3.42293957940345,0.575220695955249,-4.21219124492688,2.52905276016066e-05,0.00185188816730239
"SCARA5",3133.71284520062,-6.23680419480845,1.26628749784794,-4.13555705454601,3.54094621879476e-05,0.00238097632712032
"TUSC5",10954.1613489752,-7.83488861202445,1.32444055052848,-5.16058543306998,2.46178786495241e-07,3.86746873584024e-05
"TRIM59",533.466834412887,2.80511138638347,0.483037499441459,3.73700051956781,0.000186228539026945,0.00879293820471213
"GPIHBP1",1022.84742097776,-3.86968195986524,0.775130424432117,-3.70219239164512,0.000213744433061097,0.00974118668947627
"GPR120",86.4188679537194,-4.73879550760217,0.980798437658119,-3.81199170395234,0.000137851504504714,0.00719701465059202
"C11orf53",44.4453318865253,-3.85765930514489,0.693674215747263,-4.11959856698214,3.79533044088788e-05,0.00253232066984492
"GLDN",1244.78662260015,-5.21987137384595,0.832941852502429,-5.06622564488515,4.05780882710832e-07,5.83970962188772e-05
"HSD17B13",503.417901109932,-7.11263319452382,0.879517649870807,-6.94998354543733,3.65328820933358e-12,3.94577959659335e-09
"PLCXD3",286.734959822545,-4.0776882255935,0.830964634396021,-3.70375356326746,0.000212432636837972,0.00971176824655289
"BMP8A",517.322272899784,3.36837604464296,0.617501731579422,3.83541603775786,0.000125351924507411,0.00667420828592206
"PTCHD3",100.409826945295,-9.60029598743223,1.61986205621864,-5.30927677107799,1.10061092614592e-07,1.96078942419872e-05
"C18orf34",117.799310698478,-3.63454295459708,0.655045999679626,-4.02192053059723,5.77255353061534e-05,0.00364071158987459
"CENPW",2017.14909178613,4.92550571499436,1.0596590712795,3.70449875944955,0.000211809144531102,0.00970894914228641
"SLC16A12",74.2169308695727,-3.77390757066862,0.683829015754971,-4.05643444012994,4.98275402161019e-05,0.00320100268577865
"LOC388152",740.823378315342,2.6144878481016,0.430946596703341,3.74637567729302,0.000179407853265703,0.0086074702216929
"MUSTN1",170.601604831968,-3.44198568247359,0.646776358211967,-3.77562607455927,0.000159606271164907,0.00788044563428788
"TMEM195",80.6720451873281,-4.54635417289346,0.931529648401441,-3.80702233039948,0.000140650049840478,0.00727785751288825
"FAM180B",119.353098532625,-5.20064954911303,1.02355413431271,-4.10398376431126,4.06095975080013e-05,0.0026785284524266
"C14orf180",1156.54750790892,-8.58399024031518,1.16737152647779,-6.49663801823031,8.2134764987357e-11,4.27583261543328e-08
"KLHL31",1289.07102542231,-4.34174688984327,0.8392835633278,-3.98166607313633,6.84338797803068e-05,0.0041641051988855
"PRRT4",440.691300217335,-5.37933719216517,0.932609121775596,-4.69579064788402,2.65577440085124e-06,0.000278148105582487
"TMEM215",58.6881366479424,8.01439658321502,1.45901554069762,4.80762293995931,1.52735493125845e-06,0.00017714241991327
"MAP1LC3C",296.866511724756,-5.65844862839845,0.733380133542366,-6.35202457134645,2.12499369118167e-10,9.18050399432762e-08
"LOC572558",16.9787530158465,-5.65024130316943,1.18567910954505,-3.92200660847753,8.78145830961023e-05,0.00512676963001265
"HEPN1",428.686637811684,-6.90443996025395,1.12844828764161,-5.23235315691241,1.67365598773396e-07,2.75451896419339e-05
"PGA3",35.9926378433946,-5.15983346595541,1.08739730068544,-3.82549548663885,0.000130509325634779,0.00685511141730888
"UCA1",127.912227127516,6.27831022356381,1.24523295943441,4.23881345540455,2.24704274739218e-05,0.00165945067169591
"ABCC6P1",35.6026715884565,-3.42528017289132,0.636388093980794,-3.81100808740855,0.000138401238696702,0.00720395122264371
"PLIN4",91672.8683243735,-7.93708858854509,1.0918184536969,-6.35370153806808,2.10194483068855e-10,9.18050399432762e-08
